Item Title,Publication Title,Book Series Title,Journal Volume,Journal Issue,Item DOI,Authors,Publication Year,URL,Content Type
PHP Core Security,Building Secure PHP Applications,,,,10.1007/979-8-8688-0932-3_2,Satej Kumar Sahu,2024,https://link.springer.com/chapter/10.1007/979-8-8688-0932-3_2,Chapter
PHP Fundamentals,PHP 8 Basics,,,,10.1007/978-1-4842-8082-9_2,Gunnard EngebrethSatej Kumar Sahu,2023,https://link.springer.com/chapter/10.1007/978-1-4842-8082-9_2,Chapter
How to Write PHP Scripts,PHP 8 Solutions,,,,10.1007/978-1-4842-7141-4_3,David Powers,2022,https://link.springer.com/chapter/10.1007/978-1-4842-7141-4_3,Chapter
Getting Ready to Work with PHP,PHP 8 Solutions,,,,10.1007/978-1-4842-7141-4_2,David Powers,2022,https://link.springer.com/chapter/10.1007/978-1-4842-7141-4_2,Chapter
Introduction and Setting Up,An Introduction to PHP,,,,10.1007/979-8-8688-0177-8_1,Mark Simon,2024,https://link.springer.com/chapter/10.1007/979-8-8688-0177-8_1,Chapter
Understanding PHP: Language Basics,PHP 8 for Absolute Beginners,,,,10.1007/978-1-4842-8205-2_2,Jason LengstorfThomas Blom HansenSteve Prettyman,2022,https://link.springer.com/chapter/10.1007/978-1-4842-8205-2_2,Chapter
Scripting Languages,Apache Essentials,,,,10.1007/978-1-4842-8324-0_4,Darren James Harkness,2022,https://link.springer.com/chapter/10.1007/978-1-4842-8324-0_4,Chapter
Lightening Your Workload with Includes,PHP 8 Solutions,,,,10.1007/978-1-4842-7141-4_5,David Powers,2022,https://link.springer.com/chapter/10.1007/978-1-4842-7141-4_5,Chapter
Error Handling,PHP 8 Quick Scripting Reference,,,,10.1007/978-1-4842-6619-9_29,Mikael Olsson,2021,https://link.springer.com/chapter/10.1007/978-1-4842-6619-9_29,Chapter
Creating a Dynamic Photo Gallery,PHP 8 Solutions,,,,10.1007/978-1-4842-7141-4_14,David Powers,2022,https://link.springer.com/chapter/10.1007/978-1-4842-7141-4_14,Chapter
How to Write PHP Scripts,PHP 7 Solutions,,,,10.1007/978-1-4842-4338-1_3,David Powers,2019,https://link.springer.com/chapter/10.1007/978-1-4842-4338-1_3,Chapter
Getting Ready to Work with PHP,PHP 7 Solutions,,,,10.1007/978-1-4842-4338-1_2,David Powers,2019,https://link.springer.com/chapter/10.1007/978-1-4842-4338-1_2,Chapter
Bringing Forms to Life,PHP 8 Solutions,,,,10.1007/978-1-4842-7141-4_6,David Powers,2022,https://link.springer.com/chapter/10.1007/978-1-4842-7141-4_6,Chapter
Automatic Detection of Security Misconfigurations in Web Applications,Proceedings of International Conference on Smart Computing and Cyber Security,,,,10.1007/978-981-15-7990-5_8,Sandra KumiChaeHo LimSang-Gon LeeYustus Oko OktianElizabeth Nathania Witanto,2021,https://link.springer.com/chapter/10.1007/978-981-15-7990-5_8,Conference paper
Lightening Your Workload with Includes,PHP 7 Solutions,,,,10.1007/978-1-4842-4338-1_5,David Powers,2019,https://link.springer.com/chapter/10.1007/978-1-4842-4338-1_5,Chapter
Handling and Logging Exceptions,Learn PHP 8,,,,10.1007/978-1-4842-6240-5_6,Steve Prettyman,2020,https://link.springer.com/chapter/10.1007/978-1-4842-6240-5_6,Chapter
Secure PHP Programming,Beginning PHP and MySQL,,,,10.1007/978-1-4302-6044-8_19,Frank M. Kromann,2018,https://link.springer.com/chapter/10.1007/978-1-4302-6044-8_19,Chapter
Bringing Forms to Life,PHP 7 Solutions,,,,10.1007/978-1-4842-4338-1_6,David Powers,2019,https://link.springer.com/chapter/10.1007/978-1-4842-4338-1_6,Chapter
Creating a Dynamic Photo Gallery,PHP 7 Solutions,,,,10.1007/978-1-4842-4338-1_14,David Powers,2019,https://link.springer.com/chapter/10.1007/978-1-4842-4338-1_14,Chapter
E-commerce: A Brief Introduction,"Practical PHP 7, MySQL 8, and MariaDB Website Databases",,,,10.1007/978-1-4842-3843-1_11,Adrian W. WestSteve Prettyman,2018,https://link.springer.com/chapter/10.1007/978-1-4842-3843-1_11,Chapter
Error and Exception Handling,Beginning PHP and MySQL,,,,10.1007/978-1-4302-6044-8_8,Frank M. Kromann,2018,https://link.springer.com/chapter/10.1007/978-1-4302-6044-8_8,Chapter
Migrate to a Host and Back Up Your Website Database,"Practical PHP 7, MySQL 8, and MariaDB Website Databases",,,,10.1007/978-1-4842-3843-1_7,Adrian W. WestSteve Prettyman,2018,https://link.springer.com/chapter/10.1007/978-1-4842-3843-1_7,Chapter
Error Handling,PHP 7 Zend Certification Study Guide,,,,10.1007/978-1-4842-3246-0_11,Andrew Beak,2017,https://link.springer.com/chapter/10.1007/978-1-4842-3246-0_11,Chapter
Security,PHP 7 Zend Certification Study Guide,,,,10.1007/978-1-4842-3246-0_6,Andrew Beak,2017,https://link.springer.com/chapter/10.1007/978-1-4842-3246-0_6,Chapter
Installation and Configuration,PHP and MySQL Recipes,,,,10.1007/978-1-4842-0605-8_1,Frank M. Kromann,2016,https://link.springer.com/chapter/10.1007/978-1-4842-0605-8_1,Chapter
Error Handling,PHP 7 Quick Scripting Reference,,,,10.1007/978-1-4842-1922-5_29,Mikael Olsson,2016,https://link.springer.com/chapter/10.1007/978-1-4842-1922-5_29,Chapter
Using MySQL Databases,PHP and MySQL Recipes,,,,10.1007/978-1-4842-0605-8_16,Frank M. Kromann,2016,https://link.springer.com/chapter/10.1007/978-1-4842-0605-8_16,Chapter
Handling and Logging Exceptions,Learn PHP 7,,,,10.1007/978-1-4842-1730-6_5,Steve Prettyman,2016,https://link.springer.com/chapter/10.1007/978-1-4842-1730-6_5,Chapter
Getting Ready to Work with PHP,PHP Solutions,,,,10.1007/978-1-4842-0635-5_2,David Powers,2014,https://link.springer.com/chapter/10.1007/978-1-4842-0635-5_2,Chapter
How to Write PHP Scripts,PHP Solutions,,,,10.1007/978-1-4842-0635-5_3,David Powers,2014,https://link.springer.com/chapter/10.1007/978-1-4842-0635-5_3,Chapter
Understanding PHP: Language Basics,PHP for Absolute Beginners,,,,10.1007/978-1-4302-6814-7_2,Thomas Blom HansenJason Lengstorf,2014,https://link.springer.com/chapter/10.1007/978-1-4302-6814-7_2,Chapter
Lightening Your Workload with Includes,PHP Solutions,,,,10.1007/978-1-4842-0635-5_4,David Powers,2014,https://link.springer.com/chapter/10.1007/978-1-4842-0635-5_4,Chapter
Bringing Forms to Life,PHP Solutions,,,,10.1007/978-1-4842-0635-5_5,David Powers,2014,https://link.springer.com/chapter/10.1007/978-1-4842-0635-5_5,Chapter
Form Management,PHP for Absolute Beginners,,,,10.1007/978-1-4302-6814-7_3,Thomas Blom HansenJason Lengstorf,2014,https://link.springer.com/chapter/10.1007/978-1-4302-6814-7_3,Chapter
Building the Entry Manager,PHP for Absolute Beginners,,,,10.1007/978-1-4302-6814-7_7,Thomas Blom HansenJason Lengstorf,2014,https://link.springer.com/chapter/10.1007/978-1-4302-6814-7_7,Chapter
Password Protection,PHP for Absolute Beginners,,,,10.1007/978-1-4302-6814-7_12,Thomas Blom HansenJason Lengstorf,2014,https://link.springer.com/chapter/10.1007/978-1-4302-6814-7_12,Chapter
Working with Databases,PHP for Absolute Beginners,,,,10.1007/978-1-4302-6814-7_6,Thomas Blom HansenJason Lengstorf,2014,https://link.springer.com/chapter/10.1007/978-1-4302-6814-7_6,Chapter
Building a Dynamic Image Gallery with Image Upload,PHP for Absolute Beginners,,,,10.1007/978-1-4302-6814-7_4,Thomas Blom HansenJason Lengstorf,2014,https://link.springer.com/chapter/10.1007/978-1-4302-6814-7_4,Chapter
Creating a Dynamic Photo Gallery,PHP Solutions,,,,10.1007/978-1-4842-0635-5_12,David Powers,2014,https://link.springer.com/chapter/10.1007/978-1-4842-0635-5_12,Chapter
Showing Blog Entries,PHP for Absolute Beginners,,,,10.1007/978-1-4302-6814-7_8,Thomas Blom HansenJason Lengstorf,2014,https://link.springer.com/chapter/10.1007/978-1-4302-6814-7_8,Chapter
Error Handling,PHP Quick Scripting Reference,,,,10.1007/978-1-4302-6284-8_29,Mikael Olsson,2013,https://link.springer.com/chapter/10.1007/978-1-4302-6284-8_29,Chapter
Building the Back End: Part 1,Realtime Web Apps,,,,10.1007/978-1-4302-4621-3_8,Jason LengstorfPhil Leggetter,2013,https://link.springer.com/chapter/10.1007/978-1-4302-4621-3_8,Chapter
Implementing Realtime Events and jQuery Effects,Realtime Web Apps,,,,10.1007/978-1-4302-4621-3_10,Jason LengstorfPhil Leggetter,2013,https://link.springer.com/chapter/10.1007/978-1-4302-4621-3_10,Chapter
"Security, Forms, and Error Handling",Expert PHP and MySQL,,,,10.1007/978-1-4302-6008-0_6,Marc Rochkind,2013,https://link.springer.com/chapter/10.1007/978-1-4302-6008-0_6,Chapter
Pusher,Realtime Web Apps,,,,10.1007/978-1-4302-4621-3_3,Jason LengstorfPhil Leggetter,2013,https://link.springer.com/chapter/10.1007/978-1-4302-4621-3_3,Chapter
Development and Deployment,Advanced Joomla!,,,,10.1007/978-1-4302-1629-2_14,Dan Rahmel,2013,https://link.springer.com/chapter/10.1007/978-1-4302-1629-2_14,Chapter
Security,Pro PHP Programming,,,,10.1007/978-1-4302-3561-3_11,Peter MacIntyreBrian DanchillaMladen Gogala,2011,https://link.springer.com/chapter/10.1007/978-1-4302-3561-3_11,Chapter
Getting Ready to Work with PHP,PHP Solutions,,,,10.1007/978-1-4302-3250-6_2,David Powers,2010,https://link.springer.com/chapter/10.1007/978-1-4302-3250-6_2,Chapter
Introduction to Module Development,The Definitive Guide to Drupal 7,,,,10.1007/978-1-4302-3136-3_18,Benjamin Melançon,2011,https://link.springer.com/chapter/10.1007/978-1-4302-3136-3_18,Chapter
Lightening Your Workload with Includes,PHP Solutions,,,,10.1007/978-1-4302-3250-6_4,David Powers,2010,https://link.springer.com/chapter/10.1007/978-1-4302-3250-6_4,Chapter
Bringing Forms to Life,PHP Solutions,,,,10.1007/978-1-4302-3250-6_5,David Powers,2010,https://link.springer.com/chapter/10.1007/978-1-4302-3250-6_5,Chapter
Error and Exception Handling,Beginning PHP and MySQL,,,,10.1007/978-1-4302-3115-8_8,,2010,https://link.springer.com/chapter/10.1007/978-1-4302-3115-8_8,Chapter
Validating and Sanitizing User Input,Pro PHP Security,,,,10.1007/978-1-4302-3319-0_2,Chris SnyderThomas MyerMichael Southwell,2010,https://link.springer.com/chapter/10.1007/978-1-4302-3319-0_2,Chapter
Securing Your Web Site,Beginning PHP and MySQL,,,,10.1007/978-1-4302-3115-8_21,,2010,https://link.springer.com/chapter/10.1007/978-1-4302-3115-8_21,Chapter
Reducing Your Workload with PHP Includes,"The Essential Guide to Dreamweaver CS4 with CSS, Ajax, and PHP",,,,10.1007/978-1-4302-1611-7_12,,2009,https://link.springer.com/chapter/10.1007/978-1-4302-1611-7_12,Chapter
Flex and AIR: Taking RIAs to the Next Level,Flash Builder and Flash Catalyst,,,,10.1007/978-1-4302-2836-3_1,Steven Peeters,2010,https://link.springer.com/chapter/10.1007/978-1-4302-2836-3_1,Chapter
Writing PHP Classes,PHP Object-Oriented Solutions,,,,10.1007/978-1-4302-1012-2_2,,2008,https://link.springer.com/chapter/10.1007/978-1-4302-1012-2_2,Chapter
Secure PHP Programming,Beginning PHP and MySQL,,,,10.1007/978-1-4302-0299-8_21,,2008,https://link.springer.com/chapter/10.1007/978-1-4302-0299-8_21,Chapter
Using AMFPHP,The Essential Guide to Open Source Flash Development,,,,10.1007/978-1-4302-0994-2_7,Wade Arnold,2008,https://link.springer.com/chapter/10.1007/978-1-4302-0994-2_7,Chapter
Error and Exception Handling,Beginning PHP and MySQL,,,,10.1007/978-1-4302-0299-8_8,,2008,https://link.springer.com/chapter/10.1007/978-1-4302-0299-8_8,Chapter
Setting Up a PHP Site,"The Essential Guide to Dreamweaver CS3 with CSS, Ajax, and PHP",,,,10.1007/978-1-4302-0288-2_4,,2007,https://link.springer.com/chapter/10.1007/978-1-4302-0288-2_4,Chapter
Secure PHP Programming,Beginning PHP and Oracle,,,,10.1007/978-1-4302-0367-4_21,,2007,https://link.springer.com/chapter/10.1007/978-1-4302-0367-4_21,Chapter
Working with PHP Includes and Templates,"The Essential Guide to Dreamweaver CS3 with CSS, Ajax, and PHP",,,,10.1007/978-1-4302-0288-2_12,,2007,https://link.springer.com/chapter/10.1007/978-1-4302-0288-2_12,Chapter
Getting the Work Environment Ready,"The Essential Guide to Dreamweaver CS3 with CSS, Ajax, and PHP",,,,10.1007/978-1-4302-0288-2_3,,2007,https://link.springer.com/chapter/10.1007/978-1-4302-0288-2_3,Chapter
Error and Exception Handling,Beginning PHP and Oracle,,,,10.1007/978-1-4302-0367-4_8,,2007,https://link.springer.com/chapter/10.1007/978-1-4302-0367-4_8,Chapter
Installation and Configuration,Beginning Joomla!,,,,10.1007/978-1-4302-0278-3_3,,2007,https://link.springer.com/chapter/10.1007/978-1-4302-0278-3_3,Chapter
Getting Ready to Work with PHP,PHP Solutions: Dynamic Web Design Made Easy,,,,10.1007/978-1-4302-0275-2_2,,2006,https://link.springer.com/chapter/10.1007/978-1-4302-0275-2_2,Chapter
Installing and Configuring Apache and PHP,Beginning PHP and PostgreSQL 8,,,,10.1007/978-1-4302-0136-6_2,,2006,https://link.springer.com/chapter/10.1007/978-1-4302-0136-6_2,Chapter
Installing and Configuring Apache and PHP,Beginning PHP and MySQL 5,,,,10.1007/978-1-4302-0117-5_2,,2006,https://link.springer.com/chapter/10.1007/978-1-4302-0117-5_2,Chapter
Solutions to Common PHP/Mysql Problems,PHP Solutions: Dynamic Web Design Made Easy,,,,10.1007/978-1-4302-0275-2_14,,2006,https://link.springer.com/chapter/10.1007/978-1-4302-0275-2_14,Chapter
Integrating PHP Into Your Site,Foundation PHP For Dreamweaver 8,,,,10.1007/978-1-4302-0101-4_5,,2006,https://link.springer.com/chapter/10.1007/978-1-4302-0101-4_5,Chapter
PHP’s PostgreSQL Functionality,Beginning PHP and PostgreSQL 8,,,,10.1007/978-1-4302-0136-6_30,,2006,https://link.springer.com/chapter/10.1007/978-1-4302-0136-6_30,Chapter
Error and Exception Handling,Beginning PHP and MySQL 5,,,,10.1007/978-1-4302-0117-5_8,,2006,https://link.springer.com/chapter/10.1007/978-1-4302-0117-5_8,Chapter
Error and Exception Handling,Beginning PHP and PostgreSQL 8,,,,10.1007/978-1-4302-0136-6_8,,2006,https://link.springer.com/chapter/10.1007/978-1-4302-0136-6_8,Chapter
Getting the Work Environment Ready,Foundation PHP For Dreamweaver 8,,,,10.1007/978-1-4302-0101-4_3,,2006,https://link.springer.com/chapter/10.1007/978-1-4302-0101-4_3,Chapter
Creating a Local Test Environment for Your Blog,Blog Design Solutions,,,,10.1007/978-1-4302-0127-4_2,David Powers,2006,https://link.springer.com/chapter/10.1007/978-1-4302-0127-4_2,Chapter
Getting Ready to Work with PHP,Foundation PHP 5 for Flash,,,,10.1007/978-1-4302-0013-0_1,,2005,https://link.springer.com/chapter/10.1007/978-1-4302-0013-0_1,Chapter
PHP,The Definitive Guide to MySQL5,,,,10.1007/978-1-4302-0071-0_15,,2005,https://link.springer.com/chapter/10.1007/978-1-4302-0071-0_15,Chapter
Validating User Input,Pro PHP Security,,,,10.1007/978-1-4302-0057-4_11,,2005,https://link.springer.com/chapter/10.1007/978-1-4302-0057-4_11,Chapter
Working with Variables,PHP 5 Recipes,,,,10.1007/978-1-4302-0070-3_10,,2005,https://link.springer.com/chapter/10.1007/978-1-4302-0070-3_10,Chapter
The Test Environment,The Definitive Guide to MySQL5,,,,10.1007/978-1-4302-0071-0_2,,2005,https://link.springer.com/chapter/10.1007/978-1-4302-0071-0_2,Chapter
Flash Breaks Free,Foundation PHP 5 for Flash,,,,10.1007/978-1-4302-0013-0_2,,2005,https://link.springer.com/chapter/10.1007/978-1-4302-0013-0_2,Chapter
The Test Environment,The Definitive Guide to MySQL,,,,10.1007/978-1-4302-0669-9_2,Michael Kofler,2004,https://link.springer.com/chapter/10.1007/978-1-4302-0669-9_2,Chapter
Extending Apache,Pro Apache,,,,10.1007/978-1-4302-0658-3_12,Peter Wainwright,2004,https://link.springer.com/chapter/10.1007/978-1-4302-0658-3_12,Chapter
An Introduction to PHP,A Programmer’s Introduction to PHP 4.0,,,,10.1007/978-1-4302-0856-3_1,W. J. Gilmore,2001,https://link.springer.com/chapter/10.1007/978-1-4302-0856-3_1,Chapter